{"cameraMode":{"drawMode":0,"name":"Shaded","section":"Shading Mode"},"sceneLighting":true,"audioPlay":false,"sceneViewState":{"showFog":true,"showMaterialUpdate":false,"showSkybox":true,"showFlares":true,"showImageEffects":true,"showParticleSystems":true},"in2DMode":false,"pivot":{"x":18.978343963623048,"y":-7.29028844833374,"z":21.849363327026368},"rotation":{"x":-0.10091724991798401,"y":-0.3569411039352417,"z":0.03875720128417015,"w":-0.9279106259346008},"size":28.802288055419923,"orthographic":false}