{"cameraMode":{"drawMode":0,"name":"Shaded","section":"Shading Mode"},"sceneLighting":false,"audioPlay":false,"sceneViewState":{"showFog":true,"showMaterialUpdate":false,"showSkybox":true,"showFlares":true,"showImageEffects":true,"showParticleSystems":true},"in2DMode":false,"pivot":{"x":-13.21202278137207,"y":0.8839523792266846,"z":5.136332035064697},"rotation":{"x":-0.11765935271978378,"y":0.6606122851371765,"z":-0.10596577078104019,"w":-0.733945369720459},"size":9.12865161895752,"orthographic":false}