{"cameraMode":{"drawMode":0,"name":"Shaded","section":"Shading Mode"},"sceneLighting":true,"audioPlay":false,"sceneViewState":{"showFog":true,"showMaterialUpdate":false,"showSkybox":true,"showFlares":true,"showImageEffects":true,"showParticleSystems":true},"in2DMode":false,"pivot":{"x":3.925182342529297,"y":2.4534149169921877,"z":3.6062088012695314},"rotation":{"x":0.010331092402338982,"y":-0.987266480922699,"z":0.09570705145597458,"w":0.13207149505615235},"size":3.798276662826538,"orthographic":false}