{"cameraMode":{"drawMode":0,"name":"Shaded","section":"Shading Mode"},"sceneLighting":true,"audioPlay":false,"sceneViewState":{"showFog":true,"showMaterialUpdate":false,"showSkybox":true,"showFlares":true,"showImageEffects":true,"showParticleSystems":true},"in2DMode":false,"pivot":{"x":-0.509523868560791,"y":3.285184860229492,"z":4.193904399871826},"rotation":{"x":-0.007680786773562431,"y":-0.9778035879135132,"z":0.03548264503479004,"w":-0.20682133734226228},"size":7.0203471183776859,"orthographic":false}